customer_id,months_since_last_service,total_lifetime_value,service_count,avg_ticket_size,customer_age,home_age,complaint_count,response_satisfaction,price_sensitivity,service_type_preference,contract_type,referral_source,churn_label
CUST_001,0.16666666666666666,7425,20,371.25,63,38,1,4.7361086450645855,Medium,Maintenance,Service Contract,Google,0
CUST_002,2.2,15764,14,1126.0,76,14,1,4.926473306880264,Low,Cooling,Extended Warranty,Google,0
CUST_003,2.8,10189,20,509.45,53,43,2,3.0626046274950323,Medium,Maintenance,Service Contract,Referral,0
CUST_004,1.6666666666666667,13053,20,652.65,39,21,0,4.462540133947371,Low,Maintenance,Extended Warranty,Referral,0
CUST_005,0.7,6693,26,257.4230769230769,67,14,0,4.819049021895637,Medium,Maintenance,Extended Warranty,Direct,0
CUST_006,0.9333333333333333,25503,20,1275.15,32,11,0,4.714720184184998,Low,Installation,Extended Warranty,Google,0
CUST_007,1.5666666666666667,4379,18,243.27777777777777,45,9,1,4.929040944540417,Medium,Maintenance,Extended Warranty,Direct,0
CUST_008,0.6333333333333333,3920,15,261.3333333333333,63,30,1,4.520188156876195,Medium,Cooling,Service Contract,Referral,0
CUST_009,0.6666666666666666,16289,17,958.1764705882352,43,16,1,3.8845975247618205,Low,Installation,Service Contract,Google,0
CUST_010,0.9333333333333333,12380,19,651.578947368421,47,33,0,3.623903980990261,Low,Cooling,Extended Warranty,Social Media,0
CUST_011,0.36666666666666664,3409,18,189.38888888888889,35,21,1,3.6414854808762547,High,Maintenance,Service Contract,Direct,0
CUST_012,1.7,12634,18,701.8888888888889,35,49,1,4.448845345228234,Low,Maintenance,Extended Warranty,Direct,0
CUST_013,1.6666666666666667,6390,12,532.5,48,18,1,4.491674024061929,Medium,Installation,Extended Warranty,Direct,0
CUST_014,3.7666666666666666,13949,11,1268.090909090909,77,7,0,3.4007182870974253,Low,Installation,Extended Warranty,Direct,0
CUST_015,1.1666666666666667,13208,24,550.3333333333334,60,37,0,4.736245626981062,Low,Maintenance,Extended Warranty,Direct,0
CUST_016,0.6333333333333333,7244,19,381.2631578947368,64,14,0,4.429848080404495,Medium,Maintenance,Service Contract,Social Media,0
CUST_017,0.8,4489,18,249.38888888888889,48,27,1,4.125500572686765,Medium,Maintenance,Extended Warranty,Direct,0
CUST_018,0.8333333333333334,13594,16,849.625,27,23,0,3.9430649202050256,Low,Installation,Extended Warranty,Direct,0
CUST_019,0.03333333333333333,8274,16,517.125,46,38,2,4.086465611579916,Medium,Maintenance,Service Contract,Referral,0
CUST_020,0.6333333333333333,6492,23,282.2608695652174,77,25,0,3.318491476558529,Medium,Maintenance,Extended Warranty,Google,0
CUST_021,2.066666666666667,6185,27,229.07407407407408,26,18,0,3.4074024985525484,Medium,Maintenance,Extended Warranty,Referral,0
CUST_022,0.5333333333333333,15649,17,920.5294117647059,48,41,1,3.1823289808123834,Low,Maintenance,Extended Warranty,Direct,0
CUST_023,1.2,2615,12,217.91666666666666,68,47,0,3.307316076322225,Medium,Maintenance,Service Contract,Google,0
CUST_024,0.06666666666666667,7860,17,462.3529411764706,54,44,0,3.9073872692105653,Medium,Maintenance,Extended Warranty,Direct,0
CUST_025,0.26666666666666666,17149,17,1008.7647058823529,62,41,0,4.060708787456512,Low,Installation,Service Contract,Direct,0
CUST_026,0.13333333333333333,8405,16,525.3125,26,16,1,3.0357237849566387,Medium,Maintenance,Extended Warranty,Social Media,0
CUST_027,0.26666666666666666,14229,16,889.3125,45,33,1,4.5935956557280555,Low,Cooling,Extended Warranty,Direct,0
CUST_028,0.7666666666666667,15469,21,736.6190476190476,57,7,0,3.5883359466869558,Low,Maintenance,Service Contract,Google,0
CUST_029,0.3,11728,15,781.8666666666667,36,37,2,4.823672069919822,Low,Cooling,Extended Warranty,Google,0
CUST_030,0.5,2844,13,218.76923076923077,46,25,0,4.935022527227556,Medium,Maintenance,Extended Warranty,Direct,0
CUST_031,0.2,9499,20,474.95,68,31,0,3.3709177493533087,Medium,Maintenance,Service Contract,Referral,0
CUST_032,0.3333333333333333,9225,15,615.0,49,45,1,3.9241945815313213,Low,Maintenance,Service Contract,Direct,0
CUST_033,0.8,8155,16,509.6875,73,13,2,3.002463670332852,Medium,Maintenance,Service Contract,Google,0
CUST_034,1.1,8755,12,729.5833333333334,51,20,2,4.196654530244854,Low,Heating,Service Contract,Social Media,0
CUST_035,0.7,21349,21,1016.6190476190476,66,49,0,4.214612896525343,Low,Maintenance,Service Contract,Google,0
CUST_036,0.4,5970,21,284.2857142857143,52,14,0,3.4950799112067505,Medium,Maintenance,Extended Warranty,Social Media,0
CUST_037,0.2,6589,22,299.5,40,11,0,4.116825345166395,Medium,Maintenance,Service Contract,Direct,0
CUST_038,0.6,16627,18,923.7222222222222,39,12,0,3.451080284887471,Low,Installation,Extended Warranty,Google,0
CUST_039,2.2333333333333334,16214,21,772.0952380952381,71,46,1,3.32165093815638,Low,Maintenance,Extended Warranty,Direct,0
CUST_040,0.3333333333333333,5870,17,345.29411764705884,75,19,0,4.30303893360453,Medium,Maintenance,Extended Warranty,Referral,0
CUST_041,2.1666666666666665,9890,17,581.7647058823529,68,40,0,3.6518509279041496,Low,Maintenance,Service Contract,Social Media,0
CUST_042,0.5333333333333333,14298,14,1021.2857142857143,76,9,0,4.180527877771245,Low,Installation,Service Contract,Direct,0
CUST_043,0.5333333333333333,7305,13,561.9230769230769,27,48,2,3.866493497943311,Low,Maintenance,Extended Warranty,Google,0
CUST_044,0.6,9988,20,499.4,61,15,2,4.968702814805808,Medium,Maintenance,Service Contract,Direct,0
CUST_045,0.7333333333333333,7038,15,469.2,75,42,0,3.2991612853351313,Medium,Maintenance,Service Contract,Google,0
CUST_046,1.0333333333333334,3964,10,396.4,31,44,0,3.9291971932716203,Medium,Maintenance,Service Contract,Google,0
CUST_047,0.06666666666666667,18858,21,898.0,45,11,2,4.3609132527186505,Low,Installation,Service Contract,Social Media,0
CUST_048,0.06666666666666667,5915,22,268.8636363636364,33,29,1,3.791090167759937,Medium,Maintenance,Extended Warranty,Google,0
CUST_049,0.9333333333333333,11849,13,911.4615384615385,63,4,0,4.9493997037413795,Low,Maintenance,Extended Warranty,Direct,0
CUST_050,1.1333333333333333,5719,17,336.4117647058824,42,7,0,4.44377525585387,Medium,Maintenance,Service Contract,Direct,0
CUST_051,0.16666666666666666,6634,12,552.8333333333334,28,31,2,4.313967715128986,Low,Maintenance,Extended Warranty,Direct,0
CUST_052,0.26666666666666666,4960,18,275.55555555555554,49,39,0,4.514118535222447,Medium,Maintenance,Service Contract,Direct,0
CUST_053,0.0,6480,20,324.0,38,40,2,4.905297276077434,Medium,Maintenance,Service Contract,Direct,0
CUST_054,0.8,14575,21,694.047619047619,74,21,0,4.815637305969281,Low,Maintenance,Extended Warranty,Referral,0
CUST_055,1.8666666666666667,12640,11,1149.090909090909,33,10,2,4.448570616252824,Low,Heating,Extended Warranty,Google,0
CUST_056,0.1,8808,22,400.3636363636364,50,47,1,4.498323278202566,Medium,Maintenance,Extended Warranty,Google,0
CUST_057,0.16666666666666666,13159,16,822.4375,77,3,1,3.291844148070291,Low,Maintenance,Service Contract,Direct,0
CUST_058,0.0,7130,14,509.2857142857143,26,24,0,3.205584808985331,Medium,Maintenance,Extended Warranty,Referral,0
CUST_059,4.333333333333333,2589,11,235.36363636363637,44,19,2,4.141809003688328,Medium,Maintenance,Service Contract,Referral,0
CUST_060,0.23333333333333334,19035,23,827.6086956521739,52,9,1,3.0367352738810798,Low,Maintenance,Extended Warranty,Direct,0
CUST_061,0.7333333333333333,8850,20,442.5,71,27,0,3.964712763103183,Medium,Maintenance,Extended Warranty,Referral,0
CUST_062,0.7333333333333333,13084,23,568.8695652173913,31,47,0,3.420699159837737,Low,Maintenance,Service Contract,Google,0
CUST_063,0.23333333333333334,12912,22,586.9090909090909,68,6,0,3.6920331352896794,Low,Maintenance,Service Contract,Direct,0
CUST_064,0.06666666666666667,14580,11,1325.4545454545455,32,38,0,4.551609471585913,Low,Installation,Service Contract,Google,0
CUST_065,1.7666666666666666,9725,19,511.8421052631579,71,8,2,4.882475008464773,Medium,Maintenance,Service Contract,Google,0
CUST_066,3.9,5619,9,624.3333333333334,59,33,0,3.144832544292683,Low,Maintenance,Service Contract,Direct,0
CUST_067,0.8666666666666667,2555,8,319.375,38,21,0,4.06848441195289,Medium,Maintenance,Service Contract,Social Media,0
CUST_068,4.0,1155,8,144.375,41,46,1,4.7650669716392,High,Maintenance,Service Contract,Referral,0
CUST_069,1.0333333333333334,1730,7,247.14285714285714,60,41,1,3.1650170688808426,Medium,Cooling,Service Contract,Google,0
CUST_070,0.5666666666666667,2595,8,324.375,74,29,0,4.649028093793667,Medium,Cooling,Extended Warranty,Google,0
CUST_071,4.6,720,6,120.0,64,12,0,3.7156027018565427,High,Maintenance,Service Contract,Google,0
CUST_072,0.5333333333333333,5360,8,670.0,28,28,0,3.644189404438671,Low,Maintenance,Service Contract,Google,0
CUST_073,0.3333333333333333,3680,10,368.0,26,21,1,4.954932772629571,Medium,Maintenance,Extended Warranty,Google,0
CUST_074,1.1666666666666667,8234,9,914.8888888888889,30,41,1,3.4017181797245883,Low,Installation,Service Contract,Direct,0
CUST_075,2.8666666666666667,2055,7,293.57142857142856,66,5,1,4.386387881645362,Medium,Heating,Extended Warranty,Google,0
CUST_076,1.0333333333333334,2345,3,781.6666666666666,28,47,1,4.642881456019733,Low,Heating,None,Referral,0
CUST_077,0.3,1155,5,231.0,53,15,2,3.082366990558543,Medium,Maintenance,None,Google,0
CUST_078,4.6,5155,7,736.4285714285714,42,30,2,4.340770916708824,Low,Maintenance,Extended Warranty,Direct,0
CUST_079,1.4,7004,7,1000.5714285714286,50,22,0,4.903099948710654,Low,Cooling,Service Contract,Referral,0
CUST_080,2.2,6589,6,1098.1666666666667,68,30,2,3.248439933456119,Low,Cooling,Extended Warranty,Direct,0
CUST_081,2.466666666666667,2125,9,236.11111111111111,58,10,0,4.792442605370077,Medium,Maintenance,Service Contract,Direct,0
CUST_082,3.2666666666666666,12998,6,2166.3333333333335,34,43,2,4.189553274753872,Low,Installation,Extended Warranty,Direct,0
CUST_083,2.2666666666666666,7123,9,791.4444444444445,60,41,0,4.233209163724948,Low,Installation,Extended Warranty,Direct,0
CUST_084,3.0,750,4,187.5,38,3,2,4.225888349731212,High,Maintenance,None,Referral,0
CUST_085,0.36666666666666664,8714,8,1089.25,55,5,1,3.5976717726746275,Low,Installation,Extended Warranty,Google,0
CUST_086,1.9666666666666666,810,6,135.0,72,15,0,4.870403630598919,High,Maintenance,Service Contract,Direct,0
CUST_087,0.9666666666666667,6029,5,1205.8,39,30,1,4.894700925262077,Low,Installation,None,Referral,0
CUST_088,2.1666666666666665,1370,7,195.71428571428572,32,27,0,4.250609320427896,High,Maintenance,Service Contract,Referral,0
CUST_089,2.966666666666667,4899,5,979.8,38,35,0,4.566845451883229,Low,Installation,None,Referral,0
CUST_090,0.7666666666666667,965,6,160.83333333333334,47,40,1,4.224515971762316,High,Maintenance,Extended Warranty,Direct,0
CUST_091,0.26666666666666666,1925,7,275.0,64,8,0,3.968796895148081,Medium,Maintenance,Extended Warranty,Google,0
CUST_092,1.8333333333333333,2180,3,726.6666666666666,45,46,0,4.321640236598501,Low,Maintenance,None,Social Media,0
CUST_093,2.033333333333333,1480,4,370.0,40,47,0,4.106002905183917,Medium,Cooling,None,Referral,0
CUST_094,0.9,1760,9,195.55555555555554,69,34,0,4.19495172526386,High,Maintenance,Service Contract,Direct,0
CUST_095,2.2666666666666666,925,3,308.3333333333333,42,47,2,4.567665106837724,Medium,Cooling,None,Direct,0
CUST_096,0.4,4734,4,1183.5,71,49,1,3.9618076628979697,Low,Installation,None,Google,0
CUST_097,0.13333333333333333,5720,9,635.5555555555555,77,23,0,3.0815082121849455,Low,Maintenance,Service Contract,Social Media,0
CUST_098,2.466666666666667,4374,7,624.8571428571429,48,18,0,3.3279989619789943,Low,Maintenance,Extended Warranty,Google,0
CUST_099,1.7666666666666666,1850,4,462.5,50,23,0,3.877214432979077,Medium,Installation,None,Google,0
CUST_100,0.8,10654,7,1522.0,49,13,2,4.449653119748117,Low,Installation,Extended Warranty,Direct,0
CUST_101,1.0333333333333334,1945,6,324.1666666666667,69,39,0,4.186557296620357,Medium,Maintenance,Service Contract,Google,0
CUST_102,0.1,2135,8,266.875,65,38,0,4.300588371746908,Medium,Emergency,Service Contract,Referral,0
CUST_103,5.3,805,6,134.16666666666666,53,37,2,3.9585578571525746,High,Maintenance,Service Contract,Google,0
CUST_104,2.6,4855,8,606.875,39,21,2,4.231484043884485,Low,Installation,Service Contract,Referral,0
CUST_105,2.3333333333333335,715,3,238.33333333333334,69,22,0,3.6580348756293244,Medium,Cooling,None,Social Media,0
CUST_106,0.8333333333333334,4205,5,841.0,25,20,0,3.94036518539333,Low,Maintenance,None,Direct,0
CUST_107,1.7333333333333334,5040,4,1260.0,49,49,1,4.488558131189912,Low,Installation,None,Google,0
CUST_108,1.6,3030,7,432.85714285714283,31,43,1,4.743665557946242,Medium,Maintenance,Service Contract,Direct,0
CUST_109,0.5,3635,10,363.5,33,16,1,3.8673106679127778,Medium,Maintenance,Extended Warranty,Referral,0
CUST_110,0.36666666666666664,1715,8,214.375,48,17,1,3.0873233154147224,Medium,Maintenance,Service Contract,Google,0
CUST_111,0.7,1964,9,218.22222222222223,25,33,0,3.323345088293605,Medium,Maintenance,Extended Warranty,Google,0
CUST_112,2.066666666666667,685,3,228.33333333333334,68,3,0,3.041722278583076,Medium,Heating,None,Referral,0
CUST_113,7.566666666666666,5145,3,1715.0,32,5,1,4.30652603847466,Low,Cooling,None,Google,0
CUST_114,5.8,1425,5,285.0,48,18,0,3.6646292507102176,Medium,Heating,None,Social Media,0
CUST_115,0.4,5160,7,737.1428571428571,35,25,0,4.084957271438735,Low,Maintenance,Service Contract,Google,0
CUST_116,1.7333333333333334,3105,6,517.5,75,13,0,3.986553693567599,Medium,Cooling,Extended Warranty,Direct,0
CUST_117,2.3,1190,5,238.0,41,14,0,3.1630529791048536,Medium,Cooling,None,Google,0
CUST_118,1.0666666666666667,2799,5,559.8,32,12,1,3.8065227222476636,Low,Maintenance,None,Referral,0
CUST_119,3.2333333333333334,3900,6,650.0,59,34,0,3.4411222498446463,Low,Emergency,Service Contract,Direct,0
CUST_120,3.7,1875,6,312.5,59,18,0,3.8367995773353054,Medium,Cooling,Service Contract,Referral,0
CUST_121,1.2666666666666666,3970,7,567.1428571428571,57,10,0,3.407156560684485,Low,Maintenance,Extended Warranty,Social Media,0
CUST_122,0.3,5595,6,932.5,29,40,1,4.680904812553867,Low,Maintenance,Extended Warranty,Direct,0
CUST_123,4.933333333333334,9414,4,2353.5,66,14,0,3.348386673156507,Low,Installation,None,Social Media,0
CUST_124,1.5333333333333334,5504,7,786.2857142857143,63,26,1,4.921561102973953,Low,Maintenance,Service Contract,Direct,0
CUST_125,1.5333333333333334,5259,8,657.375,65,30,2,3.8318147322938816,Low,Maintenance,Service Contract,Direct,0
CUST_126,1.3666666666666667,8289,7,1184.142857142857,52,10,0,4.692490584038099,Low,Heating,Service Contract,Direct,0
CUST_127,9.4,2100,5,420.0,31,30,0,4.25752963641189,Medium,Cooling,None,Referral,0
CUST_128,1.5333333333333334,2985,8,373.125,33,38,0,4.470700597331505,Medium,Maintenance,Service Contract,Google,0
CUST_129,1.4,3665,4,916.25,32,28,0,4.5354477761335605,Low,Cooling,None,Direct,0
CUST_130,0.5333333333333333,3750,7,535.7142857142857,36,10,1,4.009689763786035,Medium,Maintenance,Service Contract,Google,0
CUST_131,0.6666666666666666,1785,8,223.125,58,30,0,4.086601046726576,Medium,Maintenance,Extended Warranty,Google,0
CUST_132,1.8333333333333333,9720,8,1215.0,57,30,0,4.02799173561745,Low,Maintenance,Extended Warranty,Direct,0
CUST_133,3.3333333333333335,1690,7,241.42857142857142,72,39,1,4.176116756180159,Medium,Maintenance,Service Contract,Referral,0
CUST_134,2.4,1390,7,198.57142857142858,47,43,0,3.0587888915130144,High,Maintenance,Extended Warranty,Referral,0
CUST_135,1.1,3505,10,350.5,48,38,2,3.7910303396980307,Medium,Maintenance,Extended Warranty,Google,0
CUST_136,3.6,1820,9,202.22222222222223,61,29,0,4.212377427122343,High,Maintenance,Extended Warranty,Social Media,0
CUST_137,0.5,9294,8,1161.75,59,19,1,4.195447130511729,Low,Maintenance,Service Contract,Google,0
CUST_138,3.066666666666667,1149,4,287.25,68,11,1,4.585912189211263,Medium,Installation,None,Social Media,0
CUST_139,3.966666666666667,870,4,217.5,64,35,0,4.3100186776642175,Medium,Maintenance,None,Google,0
CUST_140,3.933333333333333,6155,7,879.2857142857143,46,22,1,4.9842666326813445,Low,Maintenance,Extended Warranty,Google,0
CUST_141,0.16666666666666666,649,5,129.8,51,15,0,3.5677090572172903,High,Maintenance,None,Direct,0
CUST_142,0.5,3990,12,332.5,59,30,0,3.718302059332463,Medium,Maintenance,Service Contract,Referral,0
CUST_143,1.8,1240,9,137.77777777777777,25,31,0,3.7676943037355928,High,Maintenance,Extended Warranty,Google,0
CUST_144,8.6,519,4,129.75,59,15,1,3.931625614040497,High,Maintenance,None,Direct,0
CUST_145,3.2,1165,6,194.16666666666666,61,48,1,4.671996127562419,High,Maintenance,Service Contract,Direct,0
CUST_146,0.13333333333333333,5240,7,748.5714285714286,71,37,0,3.4715841879184195,Low,Maintenance,Extended Warranty,Google,0
CUST_147,1.7,1940,6,323.3333333333333,38,8,2,4.552000414070859,Medium,Installation,Service Contract,Google,0
CUST_148,2.7,8760,10,876.0,27,20,1,3.810620366171487,Low,Maintenance,Service Contract,Referral,0
CUST_149,2.3666666666666667,1185,10,118.5,25,7,0,4.203710767324017,High,Maintenance,Extended Warranty,Referral,0
CUST_150,0.43333333333333335,1669,7,238.42857142857142,29,49,1,4.265081066452613,Medium,Heating,Service Contract,Direct,0
CUST_151,5.166666666666667,3390,8,423.75,50,27,0,3.7456972743778687,Medium,Maintenance,Service Contract,Referral,0
CUST_152,1.9333333333333333,440,4,110.0,38,4,1,4.02523041041161,High,Maintenance,None,Direct,0
CUST_153,0.3,6334,9,703.7777777777778,63,12,0,3.826062349295394,Low,Heating,Service Contract,Referral,0
CUST_154,0.4,5359,11,487.1818181818182,51,32,0,3.138265572373239,Medium,Maintenance,Service Contract,Referral,0
CUST_155,0.6,2810,7,401.42857142857144,33,47,0,3.874330777633653,Medium,Maintenance,Service Contract,Google,0
CUST_156,0.13333333333333333,1070,11,97.27272727272727,39,7,1,3.1947867851071043,High,Maintenance,Service Contract,Referral,0
CUST_157,3.6,2545,4,636.25,39,35,0,3.810041598160643,Low,Cooling,None,Direct,0
CUST_158,0.8666666666666667,1005,5,201.0,50,3,0,4.185836799663564,High,Maintenance,None,Google,0
CUST_159,0.4,2450,6,408.3333333333333,66,20,1,4.158829798687002,Medium,Maintenance,Service Contract,Referral,0
CUST_160,1.4666666666666666,6973,6,1162.1666666666667,37,34,0,4.32524255801664,Low,Installation,Service Contract,Google,0
CUST_161,3.033333333333333,2295,4,573.75,75,49,1,3.1905230159092524,Low,Cooling,None,Google,0
CUST_162,2.1666666666666665,5564,5,1112.8,56,13,0,4.3042464910608755,Low,Installation,None,Google,0
CUST_163,0.7,5675,7,810.7142857142857,63,23,0,3.6242961133928944,Low,Maintenance,Extended Warranty,Referral,0
CUST_164,3.2,1625,6,270.8333333333333,73,28,2,3.798091892274222,Medium,Maintenance,Extended Warranty,Direct,0
CUST_165,0.26666666666666666,2175,9,241.66666666666666,76,27,1,4.715972507845412,Medium,Maintenance,Service Contract,Direct,0
CUST_166,0.06666666666666667,4869,8,608.625,56,24,0,3.0180608082591007,Low,Maintenance,Service Contract,Referral,0
CUST_167,6.5,1245,6,207.5,28,29,1,4.176825266681211,High,Maintenance,Extended Warranty,Referral,0
CUST_168,1.8666666666666667,1675,7,239.28571428571428,54,15,1,4.197427960200216,Medium,Maintenance,Extended Warranty,Direct,0
CUST_169,0.6,1155,3,385.0,61,35,0,3.793319552687124,Medium,Maintenance,None,Direct,0
CUST_170,0.4666666666666667,7239,10,723.9,47,36,0,3.4740557142166724,Low,Installation,Extended Warranty,Direct,0
CUST_171,0.3333333333333333,1435,7,205.0,63,43,2,3.469348076523102,High,Maintenance,Service Contract,Direct,0
CUST_172,1.1666666666666667,3230,11,293.6363636363636,69,37,1,4.767419339321505,Medium,Maintenance,Extended Warranty,Google,0
CUST_173,1.6,4914,4,1228.5,39,3,0,3.884048747565715,Low,Installation,None,Referral,0
CUST_174,0.2,1150,5,230.0,67,23,0,3.661778725978344,Medium,Maintenance,None,Google,0
CUST_175,2.933333333333333,4505,7,643.5714285714286,53,8,0,3.897555147662806,Low,Maintenance,Service Contract,Google,0
CUST_176,0.6,2060,10,206.0,60,30,1,4.3387808029187225,High,Maintenance,Service Contract,Google,0
CUST_177,0.5,2185,8,273.125,37,19,0,3.2915131364895034,Medium,Maintenance,Extended Warranty,Referral,0
CUST_178,5.6,1929,4,482.25,56,7,1,3.8988676704274754,Medium,Installation,None,Google,0
CUST_179,0.03333333333333333,1120,7,160.0,31,33,2,4.175768742220773,High,Maintenance,Service Contract,Social Media,0
CUST_180,0.8666666666666667,6345,5,1269.0,75,7,0,4.8971667097028675,Low,Cooling,None,Google,0
CUST_181,1.5,790,4,197.5,46,40,1,3.5050555641508385,High,Cooling,None,Direct,0
CUST_182,3.4,3390,9,376.6666666666667,52,5,0,3.7185014958324913,Medium,Maintenance,Service Contract,Google,0
CUST_183,0.7333333333333333,3680,4,920.0,26,25,0,3.7587171798448473,Low,Cooling,None,Direct,0
CUST_184,0.7666666666666667,5589,4,1397.25,66,39,1,4.211076315289766,Low,Installation,None,Google,0
CUST_185,2.966666666666667,1030,5,206.0,69,39,0,3.7134641060800035,High,Emergency,None,Direct,0
CUST_186,4.233333333333333,639,3,213.0,77,12,1,4.067023850599391,Medium,Cooling,None,Direct,0
CUST_187,5.8,1825,7,260.7142857142857,30,12,0,4.563580659690059,Medium,Cooling,Service Contract,Referral,0
CUST_188,5.366666666666666,5485,4,1371.25,52,21,1,4.410771188224407,Low,Installation,None,Direct,0
CUST_189,1.3666666666666667,1150,6,191.66666666666666,52,19,0,3.892737293025171,High,Maintenance,Service Contract,Referral,0
CUST_190,1.0333333333333334,625,5,125.0,68,23,0,4.728432355348338,High,Maintenance,None,Direct,0
CUST_191,0.8666666666666667,2045,6,340.8333333333333,68,16,1,4.1162804991877255,Medium,Maintenance,Extended Warranty,Google,0
CUST_192,6.3,2505,3,835.0,44,11,0,4.079811679004425,Low,Emergency,None,Google,0
CUST_193,1.4666666666666666,1505,11,136.8181818181818,54,48,0,3.068375531878316,High,Maintenance,Extended Warranty,Google,0
CUST_194,0.03333333333333333,1255,5,251.0,35,3,0,4.973385960714323,Medium,Maintenance,None,Direct,0
CUST_195,0.16666666666666666,4390,7,627.1428571428571,52,47,1,3.2459416170592537,Low,Maintenance,Service Contract,Direct,0
CUST_196,4.5,5144,5,1028.8,49,15,0,3.462261824855293,Low,Installation,None,Direct,0
CUST_197,0.6,9544,9,1060.4444444444443,63,6,0,3.103393674483054,Low,Maintenance,Service Contract,Direct,0
CUST_198,0.13333333333333333,8959,4,2239.75,57,3,0,4.280005933673827,Low,Installation,None,Google,0
CUST_199,1.2,1289,7,184.14285714285714,25,42,1,3.44940235394536,High,Maintenance,Extended Warranty,Social Media,0
CUST_200,1.9333333333333333,2940,8,367.5,51,34,1,3.360020874945447,Medium,Maintenance,Service Contract,Referral,0
CUST_201,0.3333333333333333,7148,6,1191.3333333333333,76,36,0,3.1771111684464826,Low,Installation,Extended Warranty,Referral,0
CUST_202,2.6,1075,6,179.16666666666666,37,30,0,3.2066179142480316,High,Maintenance,Service Contract,Referral,0
CUST_203,2.0,1965,4,491.25,65,33,0,4.169341400885178,Medium,Maintenance,None,Google,0
CUST_204,1.0666666666666667,2320,5,464.0,27,10,0,4.376415731733191,Medium,Maintenance,None,Direct,0
CUST_205,5.1,4200,4,1050.0,63,41,0,3.794757976928802,Low,Heating,None,Social Media,0
CUST_206,4.633333333333334,2940,7,420.0,30,28,2,3.9597941631841467,Medium,Cooling,Service Contract,Google,0
CUST_207,1.6,4175,7,596.4285714285714,32,36,0,4.371935471965968,Low,Maintenance,Extended Warranty,Google,0
CUST_208,0.5,950,5,190.0,51,5,1,3.0347595803709595,High,Maintenance,None,Direct,0
CUST_209,0.4666666666666667,5970,7,852.8571428571429,33,14,0,3.646261314140557,Low,Heating,Extended Warranty,Google,0
CUST_210,0.6,5144,6,857.3333333333334,61,3,2,4.946195496140692,Low,Installation,Extended Warranty,Google,0
CUST_211,2.0,2180,7,311.42857142857144,57,46,2,4.160224459390936,Medium,Maintenance,Extended Warranty,Referral,0
CUST_212,2.2666666666666666,7920,7,1131.4285714285713,75,7,1,3.5084491597949867,Low,Maintenance,Service Contract,Google,0
CUST_213,1.4333333333333333,7325,7,1046.4285714285713,66,32,1,4.043460093272426,Low,Cooling,Extended Warranty,Google,0
CUST_214,1.1333333333333333,5869,9,652.1111111111111,68,32,1,3.6853069762418307,Low,Maintenance,Service Contract,Social Media,0
CUST_215,0.7666666666666667,1950,10,195.0,48,19,0,4.064489977652598,High,Maintenance,Extended Warranty,Direct,0
CUST_216,0.13333333333333333,1765,7,252.14285714285714,39,49,0,3.2514830236132974,Medium,Maintenance,Extended Warranty,Google,0
CUST_217,1.3666666666666667,2605,5,521.0,56,25,0,3.2654293076385548,Medium,Cooling,None,Direct,0
CUST_218,1.8333333333333333,5080,5,1016.0,56,17,2,3.2870847240787855,Low,Maintenance,None,Referral,0
CUST_219,2.966666666666667,2455,3,818.3333333333334,48,39,0,4.879639583853684,Low,Maintenance,None,Social Media,0
CUST_220,0.7,3965,5,793.0,65,23,0,4.465797836682683,Low,Maintenance,None,Direct,0
CUST_221,2.1,11554,9,1283.7777777777778,76,16,0,3.324763789324642,Low,Maintenance,Service Contract,Referral,0
CUST_222,0.26666666666666666,6450,7,921.4285714285714,73,4,0,3.376698167531203,Low,Maintenance,Extended Warranty,Direct,0
CUST_223,1.6666666666666667,409,3,136.33333333333334,73,13,0,4.461658949741753,High,Maintenance,None,Social Media,0
CUST_224,5.5,5089,5,1017.8,76,41,0,3.3123276895843476,Low,Installation,None,Referral,0
CUST_225,0.7666666666666667,3125,8,390.625,36,40,1,3.4691225866696573,Medium,Maintenance,Extended Warranty,Referral,0
CUST_226,3.8333333333333335,5560,4,1390.0,63,36,0,4.926693665640798,Low,Cooling,None,Direct,0
CUST_227,0.8666666666666667,3055,9,339.44444444444446,26,40,1,3.5106130494568637,Medium,Cooling,Extended Warranty,Social Media,0
CUST_228,2.1,5640,7,805.7142857142857,27,36,0,4.3232647007422935,Low,Maintenance,Extended Warranty,Referral,0
CUST_229,0.9333333333333333,895,5,179.0,73,20,0,4.957262574801061,High,Maintenance,None,Direct,0
CUST_230,4.2,5140,6,856.6666666666666,61,32,0,3.7485935342795855,Low,Maintenance,Service Contract,Referral,0
CUST_231,1.6333333333333333,7300,11,663.6363636363636,73,17,0,3.0350319817241243,Low,Maintenance,Service Contract,Direct,0
CUST_232,2.1666666666666665,3940,4,985.0,41,29,0,3.4882945808447485,Low,Cooling,None,Referral,0
CUST_233,1.4,2350,8,293.75,73,36,1,4.6617543826834105,Medium,Maintenance,Extended Warranty,Direct,0
CUST_234,1.1,8845,7,1263.5714285714287,26,40,0,4.729217671910074,Low,Cooling,Extended Warranty,Referral,0
CUST_235,2.3,1404,9,156.0,26,35,0,4.537038729047582,High,Maintenance,Extended Warranty,Google,0
CUST_236,3.8666666666666667,2020,7,288.57142857142856,52,26,0,3.226219638153146,Medium,Maintenance,Service Contract,Direct,0
CUST_237,0.5,1305,5,261.0,47,17,0,4.591020743392806,Medium,Cooling,None,Direct,0
CUST_238,2.1,1025,6,170.83333333333334,61,32,0,4.8373555939870085,High,Maintenance,Service Contract,Direct,0
CUST_239,6.366666666666666,1560,4,390.0,56,44,1,4.201219085092472,Medium,Cooling,None,Google,0
CUST_240,1.7666666666666666,1109,5,221.8,57,19,0,4.88175071267613,Medium,Cooling,None,Direct,0
CUST_241,6.333333333333333,1020,6,170.0,25,7,0,4.653677767423755,High,Maintenance,Service Contract,Google,0
CUST_242,0.3,3550,8,443.75,43,31,0,4.333943033981814,Medium,Maintenance,Service Contract,Direct,0
CUST_243,3.2333333333333334,5544,8,693.0,26,6,2,4.154370473423496,Low,Maintenance,Extended Warranty,Direct,0
CUST_244,1.6666666666666667,1605,8,200.625,77,12,0,3.697147334483941,High,Maintenance,Extended Warranty,Referral,0
CUST_245,4.633333333333334,4645,5,929.0,68,19,0,3.3185748904856105,Low,Installation,None,Direct,0
CUST_246,0.43333333333333335,7774,9,863.7777777777778,50,12,0,4.209907845381082,Low,Maintenance,Extended Warranty,Social Media,0
CUST_247,1.3,770,4,192.5,56,19,1,3.6362231072362388,High,Maintenance,None,Referral,0
CUST_248,0.6666666666666666,3905,4,976.25,30,22,0,4.73287733505529,Low,Maintenance,None,Google,0
CUST_249,1.9,1410,5,282.0,56,26,0,4.9866738747172565,Medium,Cooling,None,Google,0
CUST_250,0.7333333333333333,5964,4,1491.0,28,7,0,4.504855525231145,Low,Installation,None,Referral,0
CUST_251,0.06666666666666667,2985,5,597.0,35,36,1,3.1809633905741013,Low,Maintenance,None,Direct,0
CUST_252,0.13333333333333333,1010,6,168.33333333333334,41,8,1,3.5773711910612764,High,Maintenance,Service Contract,Direct,0
CUST_253,3.1,1295,5,259.0,62,4,0,3.2182192635314992,Medium,Maintenance,None,Direct,0
CUST_254,0.1,1735,9,192.77777777777777,48,15,0,4.301023295583431,High,Maintenance,Extended Warranty,Referral,0
CUST_255,1.4666666666666666,1635,10,163.5,29,45,0,4.5303817291115696,High,Maintenance,Service Contract,Direct,0
CUST_256,0.5666666666666667,1564,9,173.77777777777777,76,45,1,4.851349661761423,High,Maintenance,Service Contract,Google,0
CUST_257,0.23333333333333334,3225,8,403.125,58,13,0,3.8763446928239755,Medium,Cooling,Extended Warranty,Social Media,0
CUST_258,6.266666666666667,3990,5,798.0,30,49,0,4.802751299176888,Low,Maintenance,None,Referral,0
CUST_259,0.4,5555,5,1111.0,46,25,0,4.755782318082655,Low,Maintenance,None,Google,0
CUST_260,4.733333333333333,845,4,211.25,35,18,0,3.634391433530797,Medium,Maintenance,None,Direct,0
CUST_261,1.0,6704,8,838.0,72,33,1,4.737801251081142,Low,Cooling,Extended Warranty,Referral,0
CUST_262,2.533333333333333,1525,8,190.625,40,13,0,3.7513445037634527,High,Maintenance,Extended Warranty,Google,0
CUST_263,1.0333333333333334,2020,9,224.44444444444446,57,18,0,3.5937385491205616,Medium,Maintenance,Service Contract,Direct,0
CUST_264,0.0,12994,12,1082.8333333333333,33,10,0,4.298149317588786,Low,Maintenance,Service Contract,Direct,0
CUST_265,0.4666666666666667,4610,4,1152.5,30,6,2,3.656762455770162,Low,Installation,None,Social Media,0
CUST_266,0.06666666666666667,3365,8,420.625,40,42,0,4.260417496658288,Medium,Installation,Extended Warranty,Google,0
CUST_267,5.433333333333334,1440,7,205.71428571428572,53,6,2,4.219663610997389,High,Maintenance,Extended Warranty,Referral,0
CUST_268,3.5,5824,10,582.4,27,27,0,4.126877854696918,Low,Maintenance,Service Contract,Referral,0
CUST_269,0.03333333333333333,5975,9,663.8888888888889,44,5,1,3.7608394084655954,Low,Maintenance,Extended Warranty,Google,0
CUST_270,2.1,7360,6,1226.6666666666667,60,34,0,4.096999443302954,Low,Maintenance,Service Contract,Google,0
CUST_271,3.9,1115,6,185.83333333333334,43,5,2,4.192970949970843,High,Cooling,Service Contract,Google,0
CUST_272,4.733333333333333,1030,4,257.5,50,29,1,4.091373776990947,Medium,Maintenance,None,Direct,0
CUST_273,4.4,3675,7,525.0,27,31,0,3.888838905502403,Medium,Cooling,Extended Warranty,Google,0
CUST_274,4.166666666666667,4460,7,637.1428571428571,43,34,2,3.029334114092528,Low,Emergency,Extended Warranty,Referral,0
CUST_275,2.033333333333333,2985,6,497.5,44,21,1,4.174123415402302,Medium,Maintenance,Extended Warranty,Google,0
CUST_276,0.9,1025,7,146.42857142857142,56,23,1,3.336888770285439,High,Maintenance,Extended Warranty,Referral,0
CUST_277,7.133333333333334,3595,3,1198.3333333333333,31,7,1,4.285151937894379,Low,Maintenance,None,Google,0
CUST_278,0.7666666666666667,3720,11,338.1818181818182,76,20,0,4.518688655845732,Medium,Maintenance,Service Contract,Google,0
CUST_279,3.966666666666667,9220,5,1844.0,65,30,0,4.000890618261483,Low,Maintenance,None,Google,0
CUST_280,1.0,3170,10,317.0,57,44,0,4.084727329959477,Medium,Maintenance,Service Contract,Google,0
CUST_281,1.4666666666666666,3235,6,539.1666666666666,64,24,0,4.902957119331982,Medium,Installation,Service Contract,Referral,0
CUST_282,1.0666666666666667,5200,7,742.8571428571429,63,23,2,4.694334722745149,Low,Maintenance,Extended Warranty,Direct,0
CUST_283,3.8,1179,10,117.9,42,8,0,4.82847303190294,High,Maintenance,Service Contract,Google,0
CUST_284,2.7333333333333334,5685,6,947.5,64,3,0,4.627532576639172,Low,Cooling,Extended Warranty,Direct,0
CUST_285,0.13333333333333333,3210,6,535.0,25,7,0,3.217836683693463,Medium,Cooling,Extended Warranty,Google,0
CUST_286,2.066666666666667,2145,5,429.0,35,43,1,3.2979837119403896,Medium,Maintenance,None,Google,0
CUST_287,5.233333333333333,7655,7,1093.5714285714287,52,14,0,4.053247594537919,Low,Cooling,Extended Warranty,Google,0
CUST_288,0.2,1309,6,218.16666666666666,49,28,2,3.4921393175959965,Medium,Maintenance,Extended Warranty,Social Media,0
CUST_289,6.3,1274,7,182.0,74,48,0,3.9533909500823183,High,Maintenance,Extended Warranty,Google,0
CUST_290,0.3,5668,9,629.7777777777778,47,36,2,3.7887306476367004,Low,Maintenance,Extended Warranty,Referral,0
CUST_291,1.0,1180,5,236.0,55,16,0,4.0988284768609065,Medium,Heating,None,Google,0
CUST_292,0.7,2770,9,307.77777777777777,54,28,2,4.493751432271646,Medium,Maintenance,Service Contract,Google,0
CUST_293,2.9,1739,9,193.22222222222223,66,47,0,4.430981814198549,High,Maintenance,Extended Warranty,Direct,0
CUST_294,3.2666666666666666,1205,5,241.0,59,29,1,4.042468264970669,Medium,Emergency,None,Direct,0
CUST_295,2.033333333333333,2285,9,253.88888888888889,31,11,1,4.644786837634117,Medium,Cooling,Service Contract,Google,0
CUST_296,4.066666666666666,8100,6,1350.0,40,28,0,3.861724183076067,Low,Installation,Service Contract,Google,0
CUST_297,5.933333333333334,2260,4,565.0,50,49,2,4.793428579680245,Low,Emergency,None,Direct,0
CUST_298,1.1,6040,9,671.1111111111111,72,24,1,3.1425605401103276,Low,Maintenance,Extended Warranty,Direct,0
CUST_299,0.7666666666666667,790,4,197.5,76,49,2,4.909320060066615,High,Maintenance,None,Direct,0
CUST_300,6.733333333333333,17078,6,2846.3333333333335,73,32,1,4.309386162862697,Low,Installation,Extended Warranty,Social Media,0
CUST_301,3.1666666666666665,3155,10,315.5,26,45,2,3.7601490178744106,Medium,Maintenance,Extended Warranty,Direct,0
CUST_302,0.0,870,7,124.28571428571429,25,19,0,3.3943082531457547,High,Maintenance,Service Contract,Google,0
CUST_303,4.233333333333333,5879,11,534.4545454545455,72,28,0,3.9583664588872,Medium,Maintenance,Extended Warranty,Direct,0
CUST_304,0.9333333333333333,370,3,123.33333333333333,36,38,0,3.389116646370602,High,Maintenance,None,Google,0
CUST_305,4.833333333333333,4924,6,820.6666666666666,29,3,0,3.332663215486284,Low,Installation,Service Contract,Direct,0
CUST_306,1.2666666666666666,730,5,146.0,61,10,2,4.234703514825949,High,Maintenance,None,Direct,0
CUST_307,0.8,4960,6,826.6666666666666,56,37,1,4.046169449163569,Low,Maintenance,Extended Warranty,Google,0
CUST_308,1.6333333333333333,6140,4,1535.0,33,17,0,4.340192069221883,Low,Installation,None,Direct,0
CUST_309,0.4,6580,8,822.5,65,49,2,4.859211754843979,Low,Cooling,Extended Warranty,Direct,0
CUST_310,1.0333333333333334,1860,7,265.7142857142857,59,24,1,4.06452042667808,Medium,Cooling,Service Contract,Direct,0
CUST_311,2.1,3300,7,471.42857142857144,43,16,0,4.161864106525595,Medium,Maintenance,Service Contract,Direct,0
CUST_312,5.066666666666666,5539,8,692.375,72,28,2,3.1792526783098842,Low,Maintenance,Extended Warranty,Direct,0
CUST_313,2.0,770,6,128.33333333333334,40,30,0,4.435271571817259,High,Maintenance,Service Contract,Direct,0
CUST_314,3.533333333333333,6265,6,1044.1666666666667,27,25,0,3.7998104136083124,Low,Installation,Service Contract,Referral,0
CUST_315,2.1,2855,5,571.0,44,16,0,4.953450477325157,Low,Cooling,None,Google,0
CUST_316,0.03333333333333333,3525,7,503.57142857142856,48,26,0,4.64634803119132,Medium,Cooling,Service Contract,Google,0
CUST_317,2.2333333333333334,660,4,165.0,57,4,2,4.044962081032237,High,Maintenance,None,Direct,0
CUST_318,4.233333333333333,6090,3,2030.0,48,47,0,3.246445308344332,Low,Heating,None,Social Media,0
CUST_319,2.1,5265,7,752.1428571428571,76,28,1,4.718831586561178,Low,Heating,Service Contract,Google,0
CUST_320,4.633333333333334,980,4,245.0,35,16,2,4.599562190848044,Medium,Maintenance,None,Direct,0
CUST_321,1.9333333333333333,2350,4,587.5,73,9,0,3.3691702590740658,Low,Cooling,None,Google,0
CUST_322,2.533333333333333,1190,8,148.75,32,5,0,3.59055657844062,High,Maintenance,Service Contract,Direct,0
CUST_323,5.133333333333334,6095,5,1219.0,60,49,0,4.586814516295675,Low,Maintenance,None,Direct,0
CUST_324,0.43333333333333335,380,3,126.66666666666667,62,25,1,3.3704568930948193,High,Maintenance,None,Google,0
CUST_325,0.06666666666666667,2420,4,605.0,64,48,0,4.835504978342755,Low,Cooling,None,Referral,0
CUST_326,1.2666666666666666,1220,5,244.0,44,45,0,3.849054850392724,Medium,Maintenance,None,Google,0
CUST_327,0.26666666666666666,565,2,282.5,59,49,1,3.1740779251753173,Medium,Cooling,None,Referral,0
CUST_328,10.4,350,1,350.0,72,47,0,4.631497287008562,Medium,Maintenance,None,Social Media,1
CUST_329,0.5666666666666667,235,2,117.5,49,20,0,3.747019366076775,High,Maintenance,None,Direct,0
CUST_330,1.6666666666666667,3295,2,1647.5,59,40,2,4.052998388307562,Low,Installation,None,Direct,0
CUST_331,7.466666666666667,320,2,160.0,49,37,2,3.224608688822438,High,Cooling,None,Google,1
CUST_332,4.3,2170,4,542.5,53,17,0,3.0051680296899645,Low,Maintenance,None,Google,0
CUST_333,0.9333333333333333,210,2,105.0,42,27,2,4.275970411586595,High,Maintenance,None,Google,0
CUST_334,0.5,1450,1,1450.0,70,39,2,4.0303503406674634,Low,Heating,None,Social Media,0
CUST_335,10.666666666666666,250,2,125.0,42,30,0,4.187077138246295,High,Cooling,None,Referral,1
CUST_336,7.866666666666666,1575,2,787.5,26,12,0,4.587487700761033,Low,Installation,None,Google,1
CUST_337,4.966666666666667,2150,1,2150.0,59,41,1,4.29321182684572,Low,Installation,None,Direct,0
CUST_338,0.3,595,1,595.0,40,19,1,3.349546885654754,Low,Installation,None,Referral,0
CUST_339,4.333333333333333,425,2,212.5,65,41,0,3.7215450382211994,Medium,Maintenance,None,Social Media,0
CUST_340,0.3333333333333333,3285,2,1642.5,60,24,1,4.8117822095755205,Low,Installation,None,Referral,0
CUST_341,6.9,975,4,243.75,57,28,0,4.539889400503358,Medium,Cooling,None,Direct,0
CUST_342,0.03333333333333333,785,3,261.6666666666667,28,46,0,4.113274115873434,Medium,Cooling,None,Google,0
CUST_343,10.0,320,3,106.66666666666667,57,27,1,3.5112899956185446,High,Maintenance,None,Direct,0
CUST_344,0.6333333333333333,295,1,295.0,38,19,0,3.60412100366959,Medium,Installation,None,Direct,0
CUST_345,0.06666666666666667,785,2,392.5,45,15,0,4.463916135171269,Medium,Installation,None,Direct,0
CUST_346,8.966666666666667,190,2,95.0,72,22,1,4.702348521705542,High,Maintenance,None,Google,1
CUST_347,5.566666666666666,350,1,350.0,44,27,0,4.342849339061229,Medium,Maintenance,None,Google,0
CUST_348,0.7333333333333333,110,1,110.0,32,6,2,4.619059951536883,High,Maintenance,None,Direct,0
CUST_349,7.7,565,2,282.5,31,12,0,4.5333122704008115,Medium,Heating,None,Google,1
CUST_350,3.7333333333333334,300,2,150.0,27,5,0,3.2994079359139157,High,Cooling,None,Google,0
CUST_351,7.0,445,3,148.33333333333334,41,43,0,3.847889625826604,High,Maintenance,None,Google,0
CUST_352,0.9666666666666667,1540,2,770.0,57,47,1,3.3059676016571253,Low,Heating,None,Direct,0
CUST_353,4.233333333333333,700,4,175.0,72,20,0,3.47047116960397,High,Cooling,None,Google,0
CUST_354,10.766666666666667,300,2,150.0,36,49,2,4.738519249302105,High,Cooling,None,Referral,1
CUST_355,1.9333333333333333,570,5,114.0,75,38,1,3.945783931266364,High,Maintenance,None,Direct,0
CUST_356,7.2,1685,3,561.6666666666666,46,49,1,4.070716203685322,Low,Cooling,None,Direct,0
CUST_357,0.7666666666666667,320,3,106.66666666666667,46,24,0,3.3568919304555442,High,Maintenance,None,Google,0
CUST_358,0.6,515,3,171.66666666666666,70,36,0,3.624543572097592,High,Maintenance,None,Social Media,0
CUST_359,5.6,625,2,312.5,54,49,0,3.46049233685574,Medium,Cooling,None,Google,0
CUST_360,8.733333333333333,345,3,115.0,62,10,2,3.412372329036853,High,Maintenance,None,Google,0
CUST_361,8.466666666666667,565,2,282.5,62,42,1,4.27592158663194,Medium,Heating,None,Google,1
CUST_362,5.966666666666667,350,2,175.0,69,46,0,3.5137676952914294,High,Cooling,None,Google,0
CUST_363,9.633333333333333,140,1,140.0,75,21,1,4.264030972040837,High,Maintenance,None,Direct,1
CUST_364,8.566666666666666,125,1,125.0,32,44,1,3.116909228217108,High,Cooling,None,Google,1
CUST_365,2.966666666666667,485,1,485.0,51,43,0,3.2835487870542037,Medium,Heating,None,Social Media,0
CUST_366,6.066666666666666,565,2,282.5,51,39,1,3.5490805080002508,Medium,Cooling,None,Google,1
CUST_367,1.2666666666666666,2320,3,773.3333333333334,58,8,1,4.194093833791383,Low,Maintenance,None,Referral,0
CUST_368,8.666666666666666,150,1,150.0,45,28,1,4.351682490174752,High,Maintenance,None,Referral,1
CUST_369,9.566666666666666,695,1,695.0,54,36,0,3.885433933559054,Low,Installation,None,Direct,1
CUST_370,0.9333333333333333,440,2,220.0,57,47,0,3.891581829154458,Medium,Maintenance,None,Social Media,0
CUST_371,4.9,375,3,125.0,52,8,0,4.449033702797236,High,Maintenance,None,Direct,0
CUST_372,6.4,240,2,120.0,71,39,2,3.031642183531165,High,Cooling,None,Google,1
CUST_373,3.433333333333333,335,3,111.66666666666667,57,35,0,3.682180048948441,High,Maintenance,None,Direct,0
CUST_374,0.06666666666666667,485,4,121.25,29,24,0,4.6374141142384655,High,Maintenance,None,Direct,0
CUST_375,8.933333333333334,320,2,160.0,72,23,1,4.206438820426745,High,Cooling,None,Google,1
CUST_376,6.533333333333333,295,1,295.0,43,8,0,3.6744542655108408,Medium,Installation,None,Direct,1
CUST_377,8.6,190,2,95.0,28,8,2,4.811049584659347,High,Maintenance,None,Google,1
CUST_378,1.8,650,3,216.66666666666666,59,6,2,4.545245454898765,Medium,Cooling,None,Google,0
CUST_379,4.366666666666666,350,1,350.0,73,32,0,3.529790894473467,Medium,Emergency,None,Direct,0
CUST_380,5.1,705,3,235.0,41,13,1,4.290579675051434,Medium,Maintenance,None,Direct,0
CUST_381,5.8,615,2,307.5,68,32,0,4.191501456377914,Medium,Cooling,None,Google,0
CUST_382,4.8,575,3,191.66666666666666,52,33,1,3.8023758280779654,High,Cooling,None,Direct,0
CUST_383,9.5,470,2,235.0,54,26,0,3.733912158409601,Medium,Heating,None,Referral,1
CUST_384,2.466666666666667,625,2,312.5,53,11,0,3.687120949551408,Medium,Heating,None,Google,0
CUST_385,1.0666666666666667,235,2,117.5,70,5,1,4.234311566791294,High,Maintenance,None,Referral,0
CUST_386,6.433333333333334,50,1,50.0,77,33,1,3.884819872961339,High,Maintenance,None,Google,1
CUST_387,5.166666666666667,120,1,120.0,30,42,1,4.663726226502844,High,Maintenance,None,Google,0
CUST_388,8.1,335,3,111.66666666666667,59,39,0,4.339205232267924,High,Maintenance,None,Google,0
CUST_389,0.26666666666666666,665,2,332.5,65,38,0,3.1398632114188683,Medium,Installation,None,Direct,0
CUST_390,0.26666666666666666,875,2,437.5,61,26,0,4.280336447656332,Medium,Installation,None,Direct,0
CUST_391,3.2666666666666666,375,3,125.0,48,33,1,3.54229487300037,High,Maintenance,None,Referral,0
CUST_392,2.6333333333333333,395,2,197.5,53,8,1,4.185623983306845,High,Cooling,None,Google,0
CUST_393,4.633333333333334,630,3,210.0,73,4,0,4.360263862206903,High,Maintenance,None,Referral,0
CUST_394,0.2,520,1,520.0,70,22,0,3.461658378308024,Medium,Maintenance,None,Referral,0
CUST_395,0.9666666666666667,85,1,85.0,77,30,1,3.9137172897607373,High,Maintenance,None,Referral,0
CUST_396,11.133333333333333,95,1,95.0,55,13,1,3.3806497256381354,High,Maintenance,None,Social Media,1
CUST_397,0.9,740,4,185.0,59,6,2,3.104677751573017,High,Maintenance,None,Google,0
CUST_398,2.7666666666666666,225,1,225.0,57,17,0,3.756952846971738,Medium,Emergency,None,Direct,0
CUST_399,6.233333333333333,390,2,195.0,76,8,2,3.725888543691984,High,Installation,None,Google,1
CUST_400,4.0,8189,3,2729.6666666666665,45,32,0,4.990960981408514,Low,Installation,None,Google,0
CUST_401,0.2,2235,2,1117.5,56,40,0,3.8927047023952843,Low,Installation,None,Google,0
CUST_402,9.5,1250,1,1250.0,47,4,0,3.667139098944401,Low,Cooling,None,Referral,1
CUST_403,2.3333333333333335,475,1,475.0,57,17,0,4.160950013433349,Medium,Heating,None,Google,0
CUST_404,1.5666666666666667,3925,2,1962.5,27,13,0,3.177534788215537,Low,Cooling,None,Google,0
CUST_405,3.066666666666667,350,1,350.0,42,10,0,4.923331471909626,Medium,Emergency,None,Direct,0
CUST_406,1.7666666666666666,990,5,198.0,49,28,1,4.269920091182066,High,Maintenance,None,Google,0
CUST_407,9.3,490,4,122.5,66,47,1,4.509675639881696,High,Maintenance,None,Direct,0
CUST_408,1.6333333333333333,4389,2,2194.5,55,46,1,3.3409558763478353,Low,Installation,None,Referral,0
CUST_409,4.1,515,2,257.5,27,7,0,3.818955706010408,Medium,Cooling,None,Direct,0
CUST_410,3.566666666666667,235,2,117.5,64,8,0,3.845378226792379,High,Maintenance,None,Direct,0
CUST_411,3.0,1250,1,1250.0,70,28,1,4.643612887802174,Low,Cooling,None,Direct,0
CUST_412,5.3,1155,3,385.0,48,6,2,3.002473359518819,Medium,Heating,None,Google,0
CUST_413,5.833333333333333,5600,3,1866.6666666666667,74,21,2,3.60170621670651,Low,Emergency,None,Google,0
CUST_414,1.9,805,5,161.0,56,22,1,4.962472748688608,High,Maintenance,None,Direct,0
CUST_415,6.533333333333333,520,1,520.0,71,35,0,3.9497730870124372,Medium,Maintenance,None,Direct,1
CUST_416,5.133333333333334,720,3,240.0,46,22,1,3.7650525604880167,Medium,Maintenance,None,Google,0
CUST_417,7.6,155,2,77.5,47,14,1,3.2396580040352925,High,Maintenance,None,Direct,1
CUST_418,2.6,390,2,195.0,26,49,0,4.948329257256031,High,Installation,None,Google,0
CUST_419,2.7333333333333334,489,3,163.0,51,3,0,3.040052711851649,High,Cooling,None,Google,0
CUST_420,11.033333333333333,1975,2,987.5,66,28,2,4.474360450014486,Low,Cooling,None,Google,1
CUST_421,5.566666666666666,350,2,175.0,26,16,0,4.537199609577017,High,Cooling,None,Direct,0
CUST_422,2.933333333333333,4900,1,4900.0,50,40,0,3.487313432127733,Low,Installation,None,Social Media,0
CUST_423,2.7,620,2,310.0,41,39,0,4.343116887226074,Medium,Installation,None,Google,0
CUST_424,3.8333333333333335,1625,2,812.5,64,13,0,3.18585828875878,Low,Cooling,None,Google,0
CUST_425,3.9,70,1,70.0,57,38,1,3.51409453286416,High,Maintenance,None,Direct,0
CUST_426,7.1,265,3,88.33333333333333,33,15,2,4.57580397658453,High,Maintenance,None,Google,0
CUST_427,0.0,4995,2,2497.5,67,45,1,4.72937238406708,Low,Installation,None,Direct,0
CUST_428,3.066666666666667,570,4,142.5,72,5,1,4.216972825319583,High,Maintenance,None,Google,0
CUST_429,4.633333333333334,595,1,595.0,63,35,0,4.013676863640965,Low,Installation,None,Social Media,0
CUST_430,7.766666666666667,350,1,350.0,53,8,1,3.318608041237961,Medium,Emergency,None,Google,1
CUST_431,0.4,689,3,229.66666666666666,66,12,1,3.1262180661583003,Medium,Maintenance,None,Direct,0
CUST_432,5.5,4275,2,2137.5,50,7,0,3.2352980569471175,Low,Installation,None,Direct,0
CUST_433,2.5,250,2,125.0,59,25,0,3.4547146001921973,High,Cooling,None,Google,0
CUST_434,10.866666666666667,265,3,88.33333333333333,74,12,0,3.6833490037938414,High,Maintenance,None,Direct,0
CUST_435,0.0,1750,1,1750.0,49,46,0,3.7618190510219742,Low,Heating,None,Direct,0
CUST_436,7.933333333333334,150,1,150.0,48,4,0,3.6926435371780073,High,Maintenance,None,Referral,1
CUST_437,9.166666666666666,1450,1,1450.0,37,15,0,3.4781106643945314,Low,Installation,None,Google,1
CUST_438,9.1,595,1,595.0,31,42,0,4.019448493503396,Low,Installation,None,Direct,1
CUST_439,2.533333333333333,175,1,175.0,60,4,0,4.650572216465793,High,Emergency,None,Social Media,0
CUST_440,4.3,660,4,165.0,69,22,0,3.5594070769429584,High,Maintenance,None,Direct,0
CUST_441,2.1,855,6,142.5,44,3,1,4.884774038204466,High,Maintenance,Extended Warranty,Social Media,0
CUST_442,5.4,3800,1,3800.0,25,39,1,4.746673323447696,Low,Installation,None,Direct,0
CUST_443,6.2,4289,4,1072.25,32,11,1,3.323528422704219,Low,Installation,None,Referral,0
CUST_444,3.466666666666667,915,3,305.0,70,19,1,4.572551913514189,Medium,Cooling,None,Google,0
CUST_445,5.6,665,2,332.5,40,11,2,4.149174764635533,Medium,Installation,None,Referral,0
CUST_446,4.0,555,2,277.5,38,13,2,4.133150724342837,Medium,Heating,None,Social Media,0
CUST_447,10.3,225,1,225.0,36,17,0,3.782085526116349,Medium,Cooling,None,Direct,1
CUST_448,4.7,1995,2,997.5,75,26,0,4.00230599836402,Low,Cooling,None,Social Media,0
CUST_449,0.8333333333333334,565,5,113.0,47,40,0,3.794357554858422,High,Maintenance,None,Google,0
CUST_450,5.7,565,3,188.33333333333334,39,37,0,4.079465237519885,High,Maintenance,None,Google,0
CUST_451,9.7,490,4,122.5,52,32,0,4.255900105545272,High,Maintenance,None,Direct,0
CUST_452,0.9333333333333333,2775,3,925.0,58,33,0,4.348607612818097,Low,Heating,None,Google,0
CUST_453,9.8,465,3,155.0,26,7,1,4.064962385118852,High,Maintenance,None,Direct,0
CUST_454,10.866666666666667,475,1,475.0,56,46,0,4.442844134657463,Medium,Heating,None,Google,1
CUST_455,4.766666666666667,4425,3,1475.0,47,16,0,3.2825560985510114,Low,Heating,None,Google,0
CUST_456,2.3666666666666667,335,3,111.66666666666667,46,13,0,3.423964981804477,High,Maintenance,None,Referral,0
CUST_457,9.133333333333333,4900,1,4900.0,75,11,0,4.63747000814854,Low,Installation,None,Referral,1
CUST_458,1.0,830,5,166.0,49,36,0,3.6450559556928304,High,Maintenance,None,Google,0
CUST_459,1.4666666666666666,1525,2,762.5,46,14,1,3.0457876499522403,Low,Installation,None,Direct,0
CUST_460,2.466666666666667,350,1,350.0,46,37,0,3.307582299336062,Medium,Maintenance,None,Direct,0
CUST_461,0.8,515,2,257.5,73,37,0,3.4472288689926227,Medium,Heating,None,Direct,0
CUST_462,5.133333333333334,325,2,162.5,76,3,0,4.914645775789174,High,Emergency,None,Direct,0
CUST_463,4.766666666666667,4670,3,1556.6666666666667,66,42,1,4.146082857861699,Low,Maintenance,None,Direct,0
CUST_464,3.6333333333333333,235,2,117.5,30,24,1,4.86546148095251,High,Maintenance,None,Direct,0
CUST_465,6.966666666666667,435,2,217.5,39,31,1,4.15032670099325,Medium,Cooling,None,Social Media,1
CUST_466,5.466666666666667,625,2,312.5,67,10,2,3.9587088802757036,Medium,Heating,None,Google,0
CUST_467,4.6,575,3,191.66666666666666,61,13,0,3.627455382388192,High,Maintenance,None,Direct,0
CUST_468,4.166666666666667,4500,1,4500.0,57,43,0,4.212741888866751,Low,Installation,None,Google,0
CUST_469,0.7,360,4,90.0,32,39,0,3.2783960492350595,High,Maintenance,None,Direct,0
CUST_470,10.633333333333333,350,2,175.0,77,16,1,4.796523254585412,High,Cooling,None,Google,1
CUST_471,3.0,95,1,95.0,68,32,1,4.658664810282567,High,Maintenance,None,Google,0
CUST_472,10.0,265,3,88.33333333333333,68,37,0,3.635062895753474,High,Maintenance,None,Google,0
CUST_473,4.0,530,6,88.33333333333333,29,23,0,4.905595055202589,High,Maintenance,Extended Warranty,Google,0
CUST_474,6.133333333333334,110,1,110.0,63,39,0,4.650401534831136,High,Maintenance,None,Social Media,1
CUST_475,9.3,205,2,102.5,28,7,0,4.332613771670079,High,Maintenance,None,Referral,1
CUST_476,1.9,515,2,257.5,30,21,0,3.2435238222505496,Medium,Cooling,None,Google,0
CUST_477,2.8,2370,4,592.5,69,16,0,3.9564680460961448,Low,Maintenance,None,Google,0
CUST_478,4.166666666666667,1975,2,987.5,56,28,1,4.012215109693502,Low,Cooling,None,Google,0
CUST_479,4.1,170,2,85.0,76,6,0,3.46510271673076,High,Maintenance,None,Direct,0
CUST_480,6.333333333333333,579,3,193.0,54,27,0,3.159930788718604,High,Installation,None,Google,0
CUST_481,3.8666666666666667,3800,1,3800.0,71,47,0,4.553447260943385,Low,Installation,None,Direct,0
CUST_482,8.466666666666667,350,1,350.0,59,44,0,3.24407010424879,Medium,Cooling,None,Google,1
CUST_483,5.8,4339,4,1084.75,64,27,0,4.188581501123549,Low,Installation,None,Google,0
CUST_484,4.5,700,2,350.0,76,20,0,4.872898347767321,Medium,Emergency,None,Direct,0
CUST_485,8.466666666666667,265,3,88.33333333333333,40,42,0,4.752210385196085,High,Maintenance,None,Social Media,0
CUST_486,4.4,565,2,282.5,37,10,2,3.5555052474985223,Medium,Heating,None,Social Media,0
CUST_487,5.666666666666667,2490,4,622.5,74,41,0,4.702897275102531,Low,Cooling,None,Referral,0
CUST_488,3.966666666666667,2470,4,617.5,66,42,1,3.0006650122409786,Low,Maintenance,None,Google,0
CUST_489,1.2666666666666666,705,3,235.0,54,16,0,3.0353756192265147,Medium,Maintenance,None,Referral,0
CUST_490,0.3,395,2,197.5,43,34,0,4.20510632768573,High,Cooling,None,Direct,0
CUST_491,2.8,390,2,195.0,41,40,0,3.729596438289059,High,Installation,None,Referral,0
CUST_492,5.8,339,2,169.5,43,35,0,3.7729216823182945,High,Installation,None,Direct,0
CUST_493,0.7333333333333333,190,2,95.0,52,25,2,4.128882181357765,High,Maintenance,None,Referral,0
CUST_494,2.1666666666666665,1020,4,255.0,50,17,1,3.383564911183721,Medium,Cooling,None,Direct,0
CUST_495,8.966666666666667,470,2,235.0,61,35,0,3.4235107013309567,Medium,Heating,None,Referral,1
CUST_496,10.966666666666667,190,2,95.0,50,27,1,3.9692031740377294,High,Maintenance,None,Social Media,1
CUST_497,6.6,800,4,200.0,77,19,0,4.508507088687726,High,Maintenance,None,Direct,0
CUST_498,3.9,1725,2,862.5,47,35,0,4.238995502815175,Low,Cooling,None,Google,0
CUST_499,2.566666666666667,495,1,495.0,33,49,1,3.594710096473678,Medium,Installation,None,Social Media,0
CUST_500,5.333333333333333,590,4,147.5,36,4,1,3.860674355017842,High,Maintenance,None,Google,0
CUST_501,1.1333333333333333,6350,2,3175.0,77,16,0,3.3413295170999966,Low,Heating,None,Referral,0
CUST_502,2.6,1975,2,987.5,25,42,1,3.149259628674163,Low,Cooling,None,Google,0
CUST_503,0.9333333333333333,635,5,127.0,25,42,0,4.565392081488298,High,Maintenance,None,Google,0
CUST_504,3.6333333333333333,85,1,85.0,71,41,1,3.530774818376389,High,Maintenance,None,Direct,0
CUST_505,8.9,4425,3,1475.0,58,8,1,3.355532775702496,Low,Heating,None,Direct,0
CUST_506,2.2666666666666666,75,1,75.0,56,8,0,4.383236111138639,High,Maintenance,None,Referral,0
CUST_507,9.3,90,1,90.0,72,5,0,4.236103348574372,High,Maintenance,None,Google,1
CUST_508,5.433333333333334,870,4,217.5,49,9,1,4.266379252026928,Medium,Maintenance,None,Google,0
CUST_509,5.066666666666666,595,1,595.0,64,10,1,3.4577892096932272,Low,Installation,None,Google,0
CUST_510,4.533333333333333,435,2,217.5,69,44,1,3.4652910771253618,Medium,Cooling,None,Google,0
CUST_511,9.0,189,1,189.0,77,17,0,3.4416052595712783,High,Installation,None,Referral,1
CUST_512,3.6666666666666665,755,5,151.0,25,49,0,3.347505191324589,High,Maintenance,None,Social Media,0
CUST_513,0.3333333333333333,1450,1,1450.0,40,31,0,4.311447345123312,Low,Heating,None,Google,0
CUST_514,8.233333333333333,395,3,131.66666666666666,63,35,0,4.696031770498803,High,Cooling,None,Referral,0
CUST_515,8.8,295,1,295.0,29,32,0,4.448634939353322,Medium,Installation,None,Referral,1
CUST_516,2.066666666666667,4295,2,2147.5,46,41,1,4.584187267521086,Low,Installation,None,Google,0
CUST_517,3.1,1140,4,285.0,53,29,1,3.8095968581703996,Medium,Maintenance,None,Social Media,0
CUST_518,0.8666666666666667,1065,3,355.0,27,38,0,4.3081515907439965,Medium,Heating,None,Direct,0
CUST_519,0.7,3325,2,1662.5,36,31,1,3.708472480889549,Low,Cooling,None,Direct,0
CUST_520,3.5,1250,1,1250.0,50,40,0,4.05100924393728,Low,Cooling,None,Referral,0
CUST_521,0.7333333333333333,485,1,485.0,40,35,0,3.9632696930697247,Medium,Heating,None,Google,0
CUST_522,4.966666666666667,925,4,231.25,75,39,0,3.353774290287709,Medium,Maintenance,None,Referral,0
CUST_523,3.6666666666666665,579,2,289.5,61,29,0,3.7741575206712614,Medium,Cooling,None,Referral,0
CUST_524,9.066666666666666,335,3,111.66666666666667,46,35,0,4.927644550964702,High,Maintenance,None,Direct,0
CUST_525,9.9,150,1,150.0,53,6,0,3.497160515429884,High,Maintenance,None,Referral,1
CUST_526,7.966666666666667,190,2,95.0,38,24,1,3.2676074725589777,High,Maintenance,None,Google,1
CUST_527,10.5,4200,1,4200.0,52,4,0,3.837161243247871,Low,Installation,None,Google,1
CUST_528,7.5,790,3,263.3333333333333,29,12,1,4.580675471720296,Medium,Maintenance,None,Google,0
CUST_529,7.9,125,1,125.0,71,7,0,4.164296459559944,High,Cooling,None,Social Media,1
CUST_530,1.8333333333333333,425,1,425.0,73,12,1,4.361949654476489,Medium,Heating,None,Direct,0
CUST_531,4.833333333333333,350,2,175.0,54,35,0,3.3793896963493544,High,Cooling,None,Google,0
CUST_532,4.933333333333334,945,2,472.5,70,40,0,4.237896386015443,Medium,Cooling,None,Google,0
CUST_533,7.4,589,4,147.25,76,15,2,3.6470007898229477,High,Maintenance,None,Referral,0
CUST_534,3.933333333333333,225,2,112.5,29,33,0,4.668606731909535,High,Emergency,None,Google,0
CUST_535,3.533333333333333,850,5,170.0,36,49,1,4.258597612021473,High,Maintenance,None,Direct,0
CUST_536,6.4,235,2,117.5,40,38,0,3.3977125555505916,High,Maintenance,None,Direct,1
CUST_537,9.633333333333333,90,1,90.0,50,47,2,3.1292333596881723,High,Maintenance,None,Google,1
CUST_538,3.3666666666666667,250,2,125.0,50,26,1,3.0852664185740655,High,Cooling,None,Referral,0
CUST_539,5.666666666666667,4200,1,4200.0,72,17,0,3.7428171353002817,Low,Installation,None,Direct,0
CUST_540,3.966666666666667,4720,2,2360.0,45,31,1,3.531702273308627,Low,Installation,None,Direct,0
CUST_541,4.533333333333333,475,1,475.0,63,10,0,4.292180246925016,Medium,Heating,None,Social Media,0
CUST_542,1.1333333333333333,485,4,121.25,60,7,0,3.9986676699572365,High,Maintenance,None,Direct,0
CUST_543,1.7,860,4,215.0,57,31,0,3.5320385560107614,Medium,Maintenance,None,Social Media,0
CUST_544,3.466666666666667,639,4,159.75,54,49,2,3.2984755559003522,High,Maintenance,None,Google,0
CUST_545,3.7,2075,3,691.6666666666666,61,6,2,3.2543995253748994,Low,Heating,None,Referral,0
CUST_546,3.8666666666666667,295,2,147.5,47,14,0,4.729320784280835,High,Cooling,None,Direct,0
CUST_547,9.8,265,3,88.33333333333333,34,47,0,3.4869559368097347,High,Maintenance,None,Direct,0
CUST_548,1.7666666666666666,140,1,140.0,29,4,0,4.303421295821937,High,Maintenance,None,Referral,0
CUST_549,8.766666666666667,125,1,125.0,60,29,1,4.621371855972533,High,Maintenance,None,Referral,1
CUST_550,0.2,1750,1,1750.0,58,33,1,4.228162622369473,Low,Heating,None,Referral,0
CUST_551,7.033333333333333,195,2,97.5,76,38,2,4.719130463293892,High,Maintenance,None,Direct,1
CUST_552,11.133333333333333,235,2,117.5,55,38,2,3.784787443056949,High,Maintenance,None,Referral,1
CUST_553,7.766666666666667,425,1,425.0,34,28,0,4.912444381297897,Medium,Heating,None,Referral,1
CUST_554,9.033333333333333,170,2,85.0,43,45,0,3.2662900083561937,High,Maintenance,None,Google,1
CUST_555,7.3,3989,2,1994.5,56,29,0,3.204299059315076,Low,Installation,None,Referral,1
CUST_556,2.566666666666667,95,1,95.0,25,7,1,4.3173842924148875,High,Maintenance,None,Referral,0
CUST_557,4.0,585,2,292.5,29,22,1,4.885662282826523,Medium,Installation,None,Google,0
CUST_558,1.1666666666666667,125,1,125.0,69,13,1,4.617766923272656,High,Maintenance,None,Direct,0
CUST_559,10.4,235,2,117.5,28,12,0,3.152833718876103,High,Maintenance,None,Google,1
CUST_560,10.4,90,1,90.0,40,42,2,3.5587354278694328,High,Maintenance,None,Direct,1
CUST_561,10.666666666666666,120,1,120.0,48,40,0,4.860637769675647,High,Maintenance,None,Google,1
CUST_562,2.1666666666666665,95,1,95.0,40,8,1,3.506116865601569,High,Maintenance,None,Google,0
CUST_563,4.766666666666667,45,1,45.0,26,10,1,4.5623408475738385,High,Maintenance,None,Direct,0
CUST_564,1.2333333333333334,70,1,70.0,73,25,0,4.650264391857408,High,Maintenance,None,Direct,0
CUST_565,8.7,390,2,195.0,52,49,0,3.9909042069219636,High,Installation,None,Direct,1
CUST_566,1.3,300,2,150.0,56,28,0,3.772697819696631,High,Cooling,None,Referral,0
CUST_567,0.7,85,1,85.0,51,48,0,3.9002488648395195,High,Maintenance,None,Social Media,0
CUST_568,10.966666666666667,295,1,295.0,44,45,2,3.453929388730728,Medium,Installation,None,Direct,1
CUST_569,5.333333333333333,3200,1,3200.0,48,14,0,4.778781832257689,Low,Installation,None,Social Media,0
CUST_570,6.8,525,1,525.0,36,28,0,3.9012393134595156,Medium,Installation,None,Google,1
CUST_571,1.6,125,1,125.0,74,15,1,4.7649188809122,High,Maintenance,None,Direct,0
CUST_572,4.933333333333334,470,2,235.0,59,42,0,3.211386959812548,Medium,Heating,None,Direct,0
CUST_573,1.6666666666666667,320,3,106.66666666666667,57,20,1,4.976550542000263,High,Maintenance,None,Google,0
CUST_574,3.966666666666667,390,1,390.0,57,27,0,3.8865461748872363,Medium,Cooling,None,Referral,0
CUST_575,9.033333333333333,700,2,350.0,75,35,1,3.0956616407882107,Medium,Emergency,None,Referral,1
CUST_576,10.466666666666667,175,1,175.0,67,49,2,3.07604369647491,High,Emergency,None,Direct,1
CUST_577,5.166666666666667,45,1,45.0,61,42,0,4.492414514963677,High,Maintenance,None,Direct,0
CUST_578,1.4666666666666666,350,2,175.0,36,45,0,4.318071068407361,High,Cooling,None,Google,0
CUST_579,5.566666666666666,190,2,95.0,27,14,0,4.604261116255175,High,Maintenance,None,Direct,0
CUST_580,10.5,585,2,292.5,25,46,2,3.210735067905612,Medium,Installation,None,Direct,1
CUST_581,7.766666666666667,250,2,125.0,57,38,0,3.0711417340710967,High,Cooling,None,Direct,1
CUST_582,8.2,90,1,90.0,64,6,0,4.017158578895157,High,Maintenance,None,Referral,1
CUST_583,4.933333333333334,140,1,140.0,34,7,2,3.775190462965539,High,Maintenance,None,Social Media,0
CUST_584,9.566666666666666,1975,2,987.5,67,39,1,3.9238938733419113,Low,Cooling,None,Google,1
CUST_585,5.333333333333333,295,1,295.0,68,10,1,4.9831768177405475,Medium,Installation,None,Social Media,0
CUST_586,7.9,335,3,111.66666666666667,53,44,1,4.941499915341341,High,Maintenance,None,Direct,0
CUST_587,11.133333333333333,700,2,350.0,37,30,1,4.884630779346386,Medium,Emergency,None,Google,1
CUST_588,7.1,90,1,90.0,36,33,0,4.567685353535348,High,Maintenance,None,Direct,1
CUST_589,6.533333333333333,180,1,180.0,55,11,0,3.709682720513781,High,Maintenance,None,Google,1
CUST_590,2.966666666666667,235,2,117.5,70,31,0,3.824261860525543,High,Maintenance,None,Social Media,0
CUST_591,7.666666666666667,1450,1,1450.0,26,16,0,4.099232087437849,Low,Installation,None,Google,1
CUST_592,8.9,140,1,140.0,75,42,0,4.66106891280968,High,Maintenance,None,Google,1
CUST_593,7.866666666666666,150,1,150.0,74,43,0,3.1374256650365355,High,Cooling,None,Google,1
CUST_594,7.4,120,1,120.0,59,24,0,3.8485937717697762,High,Maintenance,None,Direct,1
CUST_595,7.2,120,1,120.0,47,13,0,3.1652353269185376,High,Maintenance,None,Referral,1
CUST_596,2.533333333333333,145,1,145.0,41,25,1,4.029315173147023,High,Heating,None,Google,0
CUST_597,5.466666666666667,95,1,95.0,50,3,0,4.797801648012471,High,Maintenance,None,Google,0
CUST_598,2.2,225,1,225.0,32,48,0,4.564969849127876,Medium,Emergency,None,Google,0
CUST_599,9.133333333333333,339,2,169.5,53,39,1,3.45568483508622,High,Installation,None,Google,1
CUST_600,4.2,425,1,425.0,50,23,0,4.951981699197585,Medium,Heating,None,Direct,0
CUST_601,9.266666666666667,320,3,106.66666666666667,34,28,1,4.334700796092857,High,Maintenance,None,Google,0
CUST_602,4.666666666666667,295,1,295.0,50,48,0,3.020855398794806,Medium,Installation,None,Direct,0
CUST_603,8.133333333333333,4389,2,2194.5,58,38,0,3.510826969370439,Low,Installation,None,Referral,1
CUST_604,1.2,50,1,50.0,75,25,0,3.521426599839833,High,Maintenance,None,Referral,0
CUST_605,8.9,140,1,140.0,65,3,0,3.13850861257172,High,Maintenance,None,Referral,1
CUST_606,3.4,235,2,117.5,31,42,1,4.919653036151858,High,Maintenance,None,Google,0
CUST_607,10.2,235,2,117.5,28,17,2,3.9565105891518475,High,Maintenance,None,Google,1
CUST_608,5.033333333333333,3989,2,1994.5,77,23,1,4.791629194743764,Low,Installation,None,Direct,0
CUST_609,9.133333333333333,45,1,45.0,74,49,0,3.6444310068892567,High,Maintenance,None,Referral,1
CUST_610,10.366666666666667,3800,1,3800.0,69,11,0,3.2504671408656542,Low,Installation,None,Direct,1
CUST_611,1.2,300,2,150.0,35,11,0,3.948672219812428,High,Cooling,None,Google,0
CUST_612,6.866666666666666,3989,2,1994.5,53,12,0,3.227913269428634,Low,Installation,None,Direct,1
CUST_613,5.466666666666667,585,2,292.5,60,28,0,3.97203100595508,Medium,Installation,None,Direct,0
CUST_614,9.633333333333333,110,1,110.0,49,43,1,4.840594362438815,High,Maintenance,None,Google,1
CUST_615,0.1,4500,1,4500.0,45,37,0,4.041536283668425,Low,Installation,None,Direct,0
CUST_616,1.2,1450,1,1450.0,60,27,2,4.232999453790167,Low,Installation,None,Referral,0
CUST_617,5.8,350,1,350.0,34,28,1,3.3132768739476166,Medium,Maintenance,None,Direct,0
CUST_618,2.7,300,2,150.0,61,13,0,3.087471251759939,High,Cooling,None,Direct,0
CUST_619,0.43333333333333335,485,1,485.0,33,40,0,3.221615924359614,Medium,Heating,None,Google,0
CUST_620,0.7666666666666667,85,1,85.0,48,4,1,4.197063151368731,High,Maintenance,None,Direct,0
CUST_621,1.2333333333333334,565,2,282.5,59,9,2,3.1900233979846093,Medium,Cooling,None,Direct,0
CUST_622,1.2666666666666666,525,1,525.0,73,20,2,3.751985779882623,Medium,Installation,None,Referral,0
CUST_623,10.833333333333334,485,1,485.0,59,29,0,4.100183880916312,Medium,Heating,None,Direct,1
CUST_624,6.333333333333333,4389,2,2194.5,72,36,0,3.7773055972596943,Low,Installation,None,Referral,1
CUST_625,9.666666666666666,225,1,225.0,60,29,0,3.327367602930603,Medium,Cooling,None,Direct,1
CUST_626,7.4,4389,2,2194.5,42,19,2,3.547582615028213,Low,Installation,None,Direct,1
CUST_627,7.933333333333334,3989,2,1994.5,73,45,0,4.856635065697154,Low,Installation,None,Referral,1
CUST_628,7.366666666666666,1750,1,1750.0,63,46,0,4.351964551172711,Low,Heating,None,Direct,1
CUST_629,2.033333333333333,120,1,120.0,56,26,1,3.992095677359773,High,Maintenance,None,Direct,0
CUST_630,0.26666666666666666,1450,1,1450.0,48,27,0,3.025429779973787,Low,Heating,None,Google,0
CUST_631,9.866666666666667,1450,1,1450.0,47,9,1,4.984830800978941,Low,Heating,None,Direct,1
CUST_632,4.866666666666666,225,1,225.0,56,8,0,4.3429098697892865,Medium,Emergency,None,Referral,0
CUST_633,5.533333333333333,3200,1,3200.0,61,26,0,3.6338449546898897,Low,Installation,None,Direct,0
CUST_634,1.5666666666666667,390,1,390.0,36,35,0,4.758537319995677,Medium,Cooling,None,Referral,0
CUST_635,7.966666666666667,300,2,150.0,73,31,1,3.5168632405836364,High,Cooling,None,Referral,1
CUST_636,6.7,85,1,85.0,37,45,0,4.088033158365503,High,Maintenance,None,Google,1
CUST_637,8.8,625,2,312.5,47,24,2,4.272141527459651,Medium,Heating,None,Social Media,1
CUST_638,5.3,1850,1,1850.0,49,28,2,3.442126742907457,Low,Cooling,None,Google,0
CUST_639,2.2333333333333334,665,2,332.5,59,30,2,4.956794557601192,Medium,Installation,None,Social Media,0
CUST_640,1.9,350,2,175.0,65,23,1,4.496383811957995,High,Cooling,None,Direct,0
CUST_641,3.1333333333333333,335,3,111.66666666666667,54,9,1,4.115626451022139,High,Maintenance,None,Google,0
CUST_642,6.4,295,1,295.0,41,19,0,3.361189196350602,Medium,Installation,None,Google,1
CUST_643,6.066666666666666,145,1,145.0,73,22,0,3.1077164139960525,High,Heating,None,Google,1
CUST_644,6.733333333333333,4200,1,4200.0,44,43,0,3.6401196650419667,Low,Installation,None,Google,1
CUST_645,7.666666666666667,1450,1,1450.0,72,22,2,4.506374671826806,Low,Heating,None,Referral,1
CUST_646,8.8,95,1,95.0,49,24,1,3.53866259660405,High,Maintenance,None,Direct,1
CUST_647,2.966666666666667,335,3,111.66666666666667,46,30,0,4.07911244099101,High,Maintenance,None,Direct,0
CUST_648,8.866666666666667,85,1,85.0,37,42,1,4.4558943534614865,High,Maintenance,None,Referral,1
CUST_649,10.333333333333334,695,1,695.0,43,9,0,3.2158874292929287,Low,Installation,None,Google,1
CUST_650,1.9333333333333333,350,1,350.0,73,3,0,4.370596032231747,Medium,Emergency,None,Social Media,0
